date,commits
2020-06-16,0
2020-06-17,5
2020-06-18,7
2020-06-19,8
2020-06-20,12
2020-06-21,7
2020-06-22,2
2020-06-23,1
2020-06-24,5
2020-06-25,4
2020-06-26,7
2020-06-27,9
2020-06-28,5
2020-06-29,6
2020-06-30,3
2020-07-01,1
2020-07-02,9
2020-07-03,6
2020-07-04,3
2020-07-05,7
2020-07-06,2
2020-07-07,2
2020-07-08,8
2020-07-09,14
2020-07-10,21
2020-07-11,13
2020-07-12,7
2020-07-13,2
2020-07-14,3
2020-07-15,3
2020-07-16,15
2020-07-17,10
2020-07-18,8
2020-07-19,1
2020-07-20,0
2020-07-21,1
2020-07-22,5
2020-07-23,6
2020-07-24,16
2020-07-25,8
2020-07-26,4
2020-07-27,15
2020-07-28,1
2020-07-29,7
2020-07-30,6
2020-07-31,9
2020-08-01,4
2020-08-02,12
2020-08-03,0
2020-08-04,1
2020-08-05,1
2020-08-06,10
2020-08-07,6
2020-08-08,3
2020-08-09,4
2020-08-10,3
2020-08-11,3
2020-08-12,3
2020-08-13,5
2020-08-14,7
2020-08-15,9
2020-08-16,5
2020-08-17,2
2020-08-18,2
2020-08-19,7
2020-08-20,10
2020-08-21,7
2020-08-22,6
2020-08-23,6
2020-08-24,9
2020-08-25,5
2020-08-26,2
2020-08-27,9
2020-08-28,4
2020-08-29,7
2020-08-30,3
2020-08-31,3
2020-09-01,1
2020-09-02,3
2020-09-03,4
2020-09-04,3
2020-09-05,3
2020-09-06,5
2020-09-07,4
2020-09-08,5
2020-09-09,1
2020-09-10,9
2020-09-11,2
2020-09-12,2
2020-09-13,4
2020-09-14,4
2020-09-15,2
2020-09-16,9
2020-09-17,10
2020-09-18,9
2020-09-19,9
2020-09-20,2
2020-09-21,5
2020-09-22,3
2020-09-23,10
2020-09-24,10
2020-09-25,6
2020-09-26,10
2020-09-27,2
2020-09-28,0
2020-09-29,3
2020-09-30,16
2020-10-01,13
2020-10-02,21
2020-10-03,8
2020-10-04,5
2020-10-05,1
2020-10-06,4
2020-10-07,35
2020-10-08,8
2020-10-09,8
2020-10-10,10
2020-10-11,4
2020-10-12,11
2020-10-13,6
2020-10-14,12
2020-10-15,5
2020-10-16,7
2020-10-17,4
2020-10-18,10
2020-10-19,3
2020-10-20,2
2020-10-21,5
2020-10-22,4
2020-10-23,8
2020-10-24,9
2020-10-25,8
2020-10-26,22
2020-10-27,6
2020-10-28,14
2020-10-29,16
2020-10-30,15
2020-10-31,7
2020-11-01,7
2020-11-02,6
2020-11-03,6
2020-11-04,12
2020-11-05,24
2020-11-06,6
2020-11-07,13
2020-11-08,12
2020-11-09,4
2020-11-10,6
2020-11-11,16
2020-11-12,16
2020-11-13,6
2020-11-14,4
2020-11-15,4
2020-11-16,3
2020-11-17,1
2020-11-18,13
2020-11-19,19
2020-11-20,20
2020-11-21,6
2020-11-22,10
2020-11-23,4
2020-11-24,5
2020-11-25,17
2020-11-26,6
2020-11-27,2
2020-11-28,2
2020-11-29,4
2020-11-30,2
2020-12-01,2
2020-12-02,3
2020-12-03,7
2020-12-04,6
2020-12-05,20
2020-12-06,10
2020-12-07,6
2020-12-08,5
2020-12-09,6
2020-12-10,7
2020-12-11,8
2020-12-12,9
2020-12-13,4
2020-12-14,1
2020-12-15,4
2020-12-16,8
2020-12-17,10
2020-12-18,5
2020-12-19,3
2020-12-20,0
2020-12-21,1
2020-12-22,0
2020-12-23,4
2020-12-24,2
2020-12-25,0
2020-12-26,1
2020-12-27,8
2020-12-28,4
2020-12-29,10
2020-12-30,3
2020-12-31,2
2021-01-01,0
2021-01-02,4
2021-01-03,6
2021-01-04,4
2021-01-05,0
2021-01-06,2
2021-01-07,6
2021-01-08,5
2021-01-09,2
2021-01-10,4
2021-01-11,1
2021-01-12,1
2021-01-13,7
2021-01-14,11
2021-01-15,9
2021-01-16,12
2021-01-17,4
2021-01-18,4
2021-01-19,2
2021-01-20,1
2021-01-21,5
2021-01-22,8
2021-01-23,8
2021-01-24,5
2021-01-25,1
2021-01-26,7
2021-01-27,3
2021-01-28,5
2021-01-29,14
2021-01-30,10
2021-01-31,10
2021-02-01,2
2021-02-02,2
2021-02-03,5
2021-02-04,3
2021-02-05,3
2021-02-06,4
2021-02-07,3
2021-02-08,0
2021-02-09,4
2021-02-10,11
2021-02-11,14
2021-02-12,7
2021-02-13,4
2021-02-14,2
2021-02-15,4
2021-02-16,3
2021-02-17,3
2021-02-18,5
2021-02-19,10
2021-02-20,1
2021-02-21,7
2021-02-22,6
2021-02-23,0
2021-02-24,4
2021-02-25,5
2021-02-26,3
2021-02-27,5
2021-02-28,8
2021-03-01,4
2021-03-02,3
2021-03-03,15
2021-03-04,5
2021-03-05,12
2021-03-06,7
2021-03-07,5
2021-03-08,4
2021-03-09,1
2021-03-10,9
2021-03-11,17
2021-03-12,12
2021-03-13,3
2021-03-14,7
2021-03-15,6
2021-03-16,7
2021-03-17,3
2021-03-18,6
2021-03-19,6
2021-03-20,4
2021-03-21,4
2021-03-22,6
2021-03-23,3
2021-03-24,7
2021-03-25,11
2021-03-26,4
2021-03-27,14
2021-03-28,16
2021-03-29,6
2021-03-30,3
2021-03-31,10
2021-04-01,8
2021-04-02,8
2021-04-03,16
2021-04-04,13
2021-04-05,8
2021-04-06,1
2021-04-07,14
2021-04-08,13
2021-04-09,12
2021-04-10,5
2021-04-11,13
2021-04-12,15
2021-04-13,11
2021-04-14,7
2021-04-15,7
2021-04-16,11
2021-04-17,12
2021-04-18,11
2021-04-19,10
2021-04-20,5
2021-04-21,2
2021-04-22,8
2021-04-23,19
2021-04-24,3
2021-04-25,13
2021-04-26,5
2021-04-27,6
2021-04-28,18
2021-04-29,18
2021-04-30,6
2021-05-01,6
2021-05-02,8
2021-05-03,9
2021-05-04,5
2021-05-05,14
2021-05-06,12
2021-05-07,1
2021-05-08,6
2021-05-09,5
2021-05-10,9
2021-05-11,8
2021-05-12,5
2021-05-13,5
2021-05-14,0
2021-05-15,2
2021-05-16,7
2021-05-17,7
2021-05-18,4
2021-05-19,15
2021-05-20,8
2021-05-21,5
2021-05-22,4
2021-05-23,9
2021-05-24,7
2021-05-25,4
2021-05-26,1
2021-05-27,6
2021-05-28,4
2021-05-29,14
2021-05-30,6
2021-05-31,8
2021-06-01,5
2021-06-02,2
2021-06-03,7
2021-06-04,3
2021-06-05,0
2021-06-06,9
2021-06-07,4
2021-06-08,5
2021-06-09,3
2021-06-10,3
2021-06-11,7
2021-06-12,2
2021-06-13,0
2021-06-14,0
